<?xml version="1.0" encoding="UTF-8"?>
<project-private xmlns="http://www.netbeans.org/ns/project-private/1">
    <editor-bookmarks xmlns="http://www.netbeans.org/ns/editor-bookmarks/2" lastBookmarkId="1">
        <file>
            <url>src/atm/Mainpage.java</url>
            <bookmark id="1">
                <name/>
                <line>142</line>
                <key/>
            </bookmark>
        </file>
    </editor-bookmarks>
    <open-files xmlns="http://www.netbeans.org/ns/projectui-open-files/2">
        <group>
            <file>file:/C:/Users/Administrator/Documents/NetBeansProjects/ATM/src/atm/back.png</file>
            <file>file:/C:/Users/Administrator/Documents/NetBeansProjects/ATM/src/atm/balance.java</file>
            <file>file:/C:/Users/Administrator/Documents/NetBeansProjects/ATM/src/atm/Mainpage.java</file>
            <file>file:/C:/Users/Administrator/Documents/NetBeansProjects/ATM/src/atm/Login.java</file>
            <file>file:/C:/Users/Administrator/Documents/NetBeansProjects/ATM/src/atm/bank.java</file>
            <file>file:/C:/Users/Administrator/Documents/NetBeansProjects/ATM/src/atm/ATM.java</file>
            <file>file:/C:/Users/Administrator/Documents/NetBeansProjects/ATM/src/atm/deposit_frame.java</file>
            <file>file:/C:/Users/Administrator/Documents/NetBeansProjects/ATM/src/atm/atm2.png</file>
            <file>file:/C:/Users/Administrator/Documents/NetBeansProjects/ATM/src/atm/atm.png</file>
            <file>file:/C:/Users/Administrator/Documents/NetBeansProjects/ATM/src/atm/transfer.java</file>
            <file>file:/C:/Users/Administrator/Documents/NetBeansProjects/ATM/src/atm/security.png</file>
            <file>file:/C:/Users/Administrator/Documents/NetBeansProjects/ATM/src/atm/withdrawframe.java</file>
            <file>file:/C:/Users/Administrator/Documents/NetBeansProjects/ATM/src/atm/transactions.java</file>
        </group>
    </open-files>
</project-private>
